619C34115934D7FA51509110DFEB8B0C,F:\Pujo18\edits\All Nabami\DSC03580.jpg
0FB57AD4A17D0678CD4D800A14E8780F,F:\Pujo18\edits\All Nabami\DSC03581.jpg
9B57BFA93AB8447CFE3512C119EC33A7,F:\Pujo18\edits\All Nabami\DSC03582.jpg
61E4E24EFB35CB8BA58A1455C6366E26,F:\Pujo18\edits\All Nabami\DSC03584.jpg
B3E25C1CD4B75F3D7F96FFFBB9ADD3AA,F:\Pujo18\edits\All Nabami\DSC03585.jpg
C93CD8DB3F38183EA753EDE2036A7B0B,F:\Pujo18\edits\All Nabami\DSC03587.jpg
7A097DB4D0C40FD6EE9C6DC21416C8C1,F:\Pujo18\edits\All Nabami\DSC03590.jpg
67B3D70AA5AC6D851E1E0B52E649DF11,F:\Pujo18\edits\All Nabami\DSC03592.jpg
FE9684D459A993A5F402A80A5D3AFE3C,F:\Pujo18\edits\All Nabami\DSC03594.jpg
D99FF679669EAF586711DD31A3869DC1,F:\Pujo18\edits\All Nabami\DSC03596.jpg
BCA5A9C397A2F62D50D77AA8F04DAF98,F:\Pujo18\edits\All Nabami\DSC03598.jpg
BD37A90691F0F7BCF9431FAC75B1A487,F:\Pujo18\edits\All Nabami\DSC03599.jpg
FA4A5B38D624F4223F4F7D4B2D950A11,F:\Pujo18\edits\All Nabami\DSC03600.jpg
E5B931BA63C875D1154C25692853A27A,F:\Pujo18\edits\All Nabami\DSC03601.jpg
5FD8A4832D7EA40525F807435415B36B,F:\Pujo18\edits\All Nabami\DSC03603.jpg
F5F976FAA1ADFF9D26EB32B206C25175,F:\Pujo18\edits\All Nabami\DSC03604.jpg
F3C7BFF6FF4D4654DAE3D2BDEE343D61,F:\Pujo18\edits\All Nabami\DSC03605.jpg
D4B2E4EDA540C05753547EC3DBCF294F,F:\Pujo18\edits\All Nabami\DSC03606.jpg
53CD72A5B91569807504B8E42E8F080D,F:\Pujo18\edits\All Nabami\DSC03607.jpg
2EFCAAD7F6F4B661B21814E8B7ECF81D,F:\Pujo18\edits\All Nabami\DSC03609.jpg
B68A70A91C2A15396C87BAA68EEEC638,F:\Pujo18\edits\All Nabami\DSC03611.jpg
035990880CDDF0C81D90BE97535E5645,F:\Pujo18\edits\All Nabami\DSC03612.jpg
B50DA29599E681C7B3847A69316511DA,F:\Pujo18\edits\All Nabami\DSC03614.jpg
B078A3351D04190BD3E3D168E9FB5C7A,F:\Pujo18\edits\All Nabami\DSC03618.jpg
6FE2237BB4FA5C20C2BC14D19CDBF2D5,F:\Pujo18\edits\All Nabami\DSC03619.jpg
043EDB90B5443D5459CB8A2AE33EE4FC,F:\Pujo18\edits\All Nabami\DSC03623.jpg
EECA8B5B2A30C290037984381E80DE5B,F:\Pujo18\edits\All Nabami\DSC03624.jpg
4D3B546CE7F1F5A98CAA24F223956624,F:\Pujo18\edits\All Nabami\DSC03625.jpg
EE1B93261D9A21E000A744ECF7DE543F,F:\Pujo18\edits\All Nabami\DSC03628.jpg
C7F29BB4AB747B1869333865EA121792,F:\Pujo18\edits\All Nabami\DSC03629.jpg
918159F554E3ED91CA5F310C93C3ED0A,F:\Pujo18\edits\All Nabami\DSC03631.jpg
6244A1AFB368447B05B62A0933CEF420,F:\Pujo18\edits\All Nabami\DSC03632.jpg
479DFF2806600F35A9F04714E0752ABC,F:\Pujo18\edits\All Nabami\DSC03633.jpg
D0E7A1C88781AA888613007E43CB74A0,F:\Pujo18\edits\All Nabami\DSC03634.jpg
2E7BB9EDDB26A52CB7ACEBC362E6C035,F:\Pujo18\edits\All Nabami\DSC03635.jpg
FCC0E6AFDC30085B544C72D68C1E94A1,F:\Pujo18\edits\All Nabami\DSC03640.jpg
004771C859B6B7A4DEF3C206152B8BFD,F:\Pujo18\edits\All Nabami\DSC03642.jpg
41C855A55E1E5BC76C1110691A22AC56,F:\Pujo18\edits\All Nabami\DSC03643.jpg
FE91F085645BFE7605321D9EE6854695,F:\Pujo18\edits\All Nabami\DSC03644.jpg
CAE6DB914F4020CC28BDE8578899E7E8,F:\Pujo18\edits\All Nabami\DSC03647.jpg
94E5BC9609DA18001CC2FD26F34D5181,F:\Pujo18\edits\All Nabami\DSC03648.jpg
3BF93EA51BD5B9C9BE3D2BD9CEA07D20,F:\Pujo18\edits\All Nabami\DSC03649.jpg
FE21260379439A70DF1A76F2F72A8507,F:\Pujo18\edits\All Nabami\DSC03650.jpg
AAFD63D2F3FB784B51FD0EB0EC4A67F8,F:\Pujo18\edits\DSC03365.jpg
953E2646E1F4DE4842BB3B1DA719C548,F:\Pujo18\edits\saptami selects\DSC03411.jpg
A4E876D71DB27FCDF8EF046522DBF182,F:\Pujo18\edits\saptami selects\DSC03428.jpg
EE2B02F5F2C0DA4352B6E2EEACB0D4BC,F:\Pujo18\edits\saptami selects\DSC03429.jpg
6809525E1E39E13697FDBCFDFE5675A6,F:\Pujo18\edits\saptami selects\DSC03431.jpg
F9972315AE401B9253DC7F477D3E1754,F:\Pujo18\edits\saptami selects\DSC03448.jpg
3D6F530C5EFA3EEEC4E279D6ED06D63B,F:\Pujo18\edits\saptami selects\DSC03451.jpg
A1979CB9A1C35F751F86F8D088BB6E2A,F:\Pujo18\edits\saptami selects\DSC03461.jpg
FF214E700E536636298F8E3334CA547D,F:\Pujo18\edits\saptami selects\DSC03515.jpg
3E2775E7A5C37F7BCCCFC331ECF8E34E,F:\Pujo18\edits\saptami selects\DSC03526.jpg
8AE87D006EEAB502D6197EEEF016A440,F:\Pujo18\edits\saptami selects\DSC03534.jpg
9A024BF09CD4F1D48E889BA99464B9A2,F:\Pujo18\edits\saptami selects\DSC03542.jpg
B7907BBDA12E99161CFBCCAE17A9F581,F:\Pujo18\edits\saptami selects\DSC03550.jpg
45F24030F2BB8442FABF5F287935038B,F:\Pujo18\edits\saptami selects\DSC03559.jpg
8F8D4F2A9F2027C54A7CDF4F1EDC4A53,F:\Pujo18\edits\saptami selects\DSC03570.jpg
B29B1CAD73FED338F1543FEFF32F8A4B,F:\Pujo18\Nabami\DSC03580.ARW
52788374E78C3C8DC730AA4317937275,F:\Pujo18\Nabami\DSC03581.ARW
ACCCDD800FC7595FCD8E94F878BFBB2B,F:\Pujo18\Nabami\DSC03582.ARW
18C15DA0C88D4543DD4B5431CDD9EE1E,F:\Pujo18\Nabami\DSC03584.ARW
D2F4854C4169E526EA2185D4CDCC64A6,F:\Pujo18\Nabami\DSC03585.ARW
E371FE4C366ED159D9B6E19A01CC7B62,F:\Pujo18\Nabami\DSC03587.ARW
09B9E8A03B0B3E1A6747D40AC72F6A0F,F:\Pujo18\Nabami\DSC03590.ARW
823CE83BAE931B0F31097FCE486C2095,F:\Pujo18\Nabami\DSC03592.ARW
4DB809FA55B41B55BEA30C1956B3D234,F:\Pujo18\Nabami\DSC03594.ARW
35BD2A7BC661318B779106FB06BC3AD3,F:\Pujo18\Nabami\DSC03596.ARW
7533489A34ACD1B9AC49C490A32F25DA,F:\Pujo18\Nabami\DSC03598.ARW
B6A15EECCCDC2EC401FA4B96DF1DAAEC,F:\Pujo18\Nabami\DSC03599.ARW
ED1D92B083DE44D0764E7435D41E4842,F:\Pujo18\Nabami\DSC03600.ARW
1F4F4BBED66E9A5B523B2651DED77288,F:\Pujo18\Nabami\DSC03601.ARW
1E064F0075741CC84624D1D81084D214,F:\Pujo18\Nabami\DSC03603.ARW
B9694D0FC6CDAF511AFB46EBB8462EA5,F:\Pujo18\Nabami\DSC03604.ARW
ADEFB9F11F1A4B652596A64265C72917,F:\Pujo18\Nabami\DSC03605.ARW
51993F549CF576CB484FE88956E2760E,F:\Pujo18\Nabami\DSC03606.ARW
F97A03AF588E8A86D70B2F6E61C1D7E8,F:\Pujo18\Nabami\DSC03607.ARW
2894BEBDE6B564C5376C249F3CB41190,F:\Pujo18\Nabami\DSC03609.ARW
0CC3EB0D7F1E3E5EC256C526E4667CB4,F:\Pujo18\Nabami\DSC03611.ARW
3A574AF4912BF3A4999ABD6F99044C06,F:\Pujo18\Nabami\DSC03612.ARW
41D756FBFCF96B8B3A7CAB535B00AC87,F:\Pujo18\Nabami\DSC03614.ARW
1352B7E58625344B64DE228138BD99BB,F:\Pujo18\Nabami\DSC03618.ARW
F457A2980E7C5F81D96111C195AB572A,F:\Pujo18\Nabami\DSC03619.ARW
F28ACE61FA214FDCDF4297FB388E50FB,F:\Pujo18\Nabami\DSC03623.ARW
CB54D05D53C2C236B65880D7CB7F7022,F:\Pujo18\Nabami\DSC03624.ARW
36D4F4D35C4501BBEA51B1A4C54BD453,F:\Pujo18\Nabami\DSC03625.ARW
7AA363739F4A8DEE3EDA07AE5A3D1686,F:\Pujo18\Nabami\DSC03628.ARW
7AD6E7C0C6A3BCFAF32DFED486584D95,F:\Pujo18\Nabami\DSC03629.ARW
2AD28D40AA69BF20C9CADEB2C91499A9,F:\Pujo18\Nabami\DSC03631.ARW
99D85A96A348BAE07D557199AA1A2D0F,F:\Pujo18\Nabami\DSC03632.ARW
DC8CC89CDE8854A2C63EE13FCC4414E8,F:\Pujo18\Nabami\DSC03633.ARW
42F3F2340288DA92F65437B2B75E91E2,F:\Pujo18\Nabami\DSC03634.ARW
54B3CE08FC0E05C2DF1EBFBC6E414211,F:\Pujo18\Nabami\DSC03635.ARW
2AC93B7A9FCA92AAF7BCBF485DA3D5E2,F:\Pujo18\Nabami\DSC03640.ARW
1F0D7627E9A07B0C1851D49B4A1D38F9,F:\Pujo18\Nabami\DSC03642.ARW
0A4D5C957B96567EF88BA1B9A2577A71,F:\Pujo18\Nabami\DSC03643.ARW
120DE0B06CE7DC81EB5D7323F9B3D43B,F:\Pujo18\Nabami\DSC03644.ARW
406B29DEC20269DE73D018E4100D0DFC,F:\Pujo18\Nabami\DSC03647.ARW
D76962184B8185D6DA009EE4EE72B5D8,F:\Pujo18\Nabami\DSC03648.ARW
7DC65865479FF8ED2243D5134FB556CE,F:\Pujo18\Nabami\DSC03649.ARW
37B23D423E23C6E7C8B91B52254FB938,F:\Pujo18\Nabami\DSC03650.ARW
AABCB09899FFE2F23A67B8DA0C636C2C,F:\Pujo18\Saptami Morning\DSC03409.JPG
71EE213623B07866E0060EE57E87EC24,F:\Pujo18\Saptami Morning\DSC03411.JPG
02309AE0FA21C724FE65A0BA41F9BF02,F:\Pujo18\Saptami Morning\DSC03412.JPG
18B4B37FCD5A5413CF0A3DC81645938D,F:\Pujo18\Saptami Morning\DSC03414.JPG
C2E066E2AD5BD417A1F2A7D51F27BE1E,F:\Pujo18\Saptami Morning\DSC03416.JPG
B99AA62763BB91DC1ACD2FC49A3F673D,F:\Pujo18\Saptami Morning\DSC03422.JPG
DA644C424BC61671847F3E190E9588CA,F:\Pujo18\Saptami Morning\DSC03423.JPG
20895FB28100D58D7491DF36597DB00B,F:\Pujo18\Saptami Morning\DSC03425.JPG
85D838BE823F7E942E4BCB870202484A,F:\Pujo18\Saptami Morning\DSC03426.JPG
B2A97697423E246974DCD2284B9C41AE,F:\Pujo18\Saptami Morning\DSC03427.JPG
F353AA89F08219DB718FAB5BE4372F63,F:\Pujo18\Saptami Morning\DSC03428.JPG
4FDA237425F375EF448A785BC9C1AD21,F:\Pujo18\Saptami Morning\DSC03429.JPG
212EAB456295FB296BFC0AC89A93F18C,F:\Pujo18\Saptami Morning\DSC03430.JPG
A7C2A3A28DAF3FC862E734089857440D,F:\Pujo18\Saptami Morning\DSC03431.JPG
FA698F4155AFBD1DD8D9A55E5961A9CB,F:\Pujo18\Saptami Morning\DSC03432.JPG
52FE7EEF7ACEBF0FC2AE2414AE390AC9,F:\Pujo18\Saptami Morning\DSC03433.JPG
A53B8CF95C8C71C89A0B42EE36F29A49,F:\Pujo18\Saptami Morning\DSC03434.JPG
9EEC46F741B88B71B98ECF7A7BDCE76A,F:\Pujo18\Saptami Morning\DSC03435.JPG
FE0A56758E0D854E2973B465D29B109B,F:\Pujo18\Saptami Morning\DSC03436.JPG
D0D5926FBEC846B96C3F63B1622E903C,F:\Pujo18\Saptami Morning\DSC03437.JPG
C8DEA9A047F3424142A34CD5F1FDA076,F:\Pujo18\Saptami Morning\DSC03438.JPG
B425231708BB8198425805C847772BA4,F:\Pujo18\Saptami Morning\DSC03439.JPG
34168B2A059A4D1AB1447CAA08F3E815,F:\Pujo18\Saptami Morning\DSC03440.JPG
1818B83442DA956FC5D6616459F6339A,F:\Pujo18\Saptami Morning\DSC03441.JPG
7410B585B86FE7488B232AEAD44D51AA,F:\Pujo18\Saptami Morning\DSC03442.JPG
A59CD5500BA35FCE8811413DAA32DC87,F:\Pujo18\Saptami Morning\DSC03444.JPG
44FAA28B1AA2DC3387CE311D0C4BEBA8,F:\Pujo18\Saptami Morning\DSC03446.JPG
F1888142CF3D4C660A2E16B22BCFC2E8,F:\Pujo18\Saptami Morning\DSC03447.JPG
098F24C7489D8981A0142E807AAF972D,F:\Pujo18\Saptami Morning\DSC03448.JPG
D730ED70021D8DE2A9B83B84D53F6ECF,F:\Pujo18\Saptami Morning\DSC03450.JPG
0CF7F5AE1830D50CDBEF269AAD08605D,F:\Pujo18\Saptami Morning\DSC03451.JPG
2BA285B52A3693897D8B494E73752228,F:\Pujo18\Saptami Morning\DSC03453.JPG
D9A027358ED6996D523D234A1F5A4FC5,F:\Pujo18\Saptami Morning\DSC03454.JPG
A7777283D1628865D07921DB6DDE8425,F:\Pujo18\Saptami Morning\DSC03455.JPG
1ED64224EFA34D7B874CC8885DAE75C3,F:\Pujo18\Saptami Morning\DSC03456.JPG
8F9C8E282B6A67B6D9BC38C3B711A756,F:\Pujo18\Saptami Morning\DSC03457.JPG
6766DC4659856E1A9EBED9F68498F7A2,F:\Pujo18\Saptami Morning\DSC03458.JPG
E72AB44B5B9330D7C4623A44D553F6F3,F:\Pujo18\Saptami Morning\DSC03459.JPG
BACCBD09E9C5234E778C0B82325AA5C0,F:\Pujo18\Saptami Morning\DSC03460.JPG
CB83D195AB6C2552DE73FB00F1893E62,F:\Pujo18\Saptami Morning\DSC03461.JPG
380FB1600D59D78AFD876719EFBF4F90,F:\Pujo18\Saptami Morning\DSC03463.JPG
0A3D0F835555AB5970AC3D9D73D5A5D2,F:\Pujo18\Saptami Morning\DSC03466.JPG
290C212D0D6F1451EA208994DA03C128,F:\Pujo18\Saptami Morning\DSC03467.JPG
5FC886E627916FF70144D10FD5CD47D9,F:\Pujo18\Saptami Morning\DSC03468.JPG
A80B3F58287F0195238F1708E1E0CC6F,F:\Pujo18\Saptami Morning\DSC03469.JPG
DF56FCD439A9C1762996B89295DC1313,F:\Pujo18\Saptami Morning\DSC03470.JPG
4429AE5FA78DDA1358CB1B5CA85F61C3,F:\Pujo18\Saptami Morning\DSC03471.JPG
CF3B1E89DC5EF45DBBCC534B9ACF3475,F:\Pujo18\Saptami Morning\DSC03472.JPG
F19BFEAAB6590049FF5726543F4AA455,F:\Pujo18\Saptami Morning\DSC03473.JPG
3AF9EBE793D89D829F7AFE1E8CDBD9A3,F:\Pujo18\Saptami Morning\DSC03474.JPG
6913832AF49CF14395349E2867653C7C,F:\Pujo18\Saptami Morning\DSC03475.JPG
6D9E32869726C320E6F1017BBFC893B4,F:\Pujo18\Saptami Morning\DSC03476.JPG
B99435AD5F4C03C9EC384409C496B51A,F:\Pujo18\Saptami Morning\DSC03477.JPG
9678015135BE1B4D978852BAE5397D80,F:\Pujo18\Saptami Morning\DSC03481.JPG
29F9ADB9E044F25261B3F8EED17EDB50,F:\Pujo18\Saptami Morning\DSC03482.JPG
8774D7E89C2B19CF345DAA29BA8E59A3,F:\Pujo18\Saptami Morning\DSC03483.JPG
7F725A59F1CC08E5520C3CE5BF53F173,F:\Pujo18\Saptami Morning\DSC03484.JPG
F30D3BF6ECEFA4E2A7EB96D322169B85,F:\Pujo18\Saptami Morning\DSC03485.JPG
DE881EF9C99C9A71D19C88DCAD7C82CE,F:\Pujo18\Saptami Morning\DSC03486.JPG
977E147244AEA0D2F1BADC5CCFCD6CC0,F:\Pujo18\Saptami Morning\DSC03487.JPG
14B54B3764F12F73223F2954D188EDFC,F:\Pujo18\Saptami Morning\DSC03488.JPG
F09472633C25F5E6CABC0227383BCECD,F:\Pujo18\Saptami Morning\DSC03489.JPG
A1D7E935649A349430048A52AF92E751,F:\Pujo18\Saptami Morning\DSC03490.JPG
46B206A14747489F64E096F84180BB87,F:\Pujo18\Saptami Morning\DSC03494.JPG
C3D7BBB72A6B135C983AAC2AB6D49966,F:\Pujo18\Saptami Morning\DSC03495.JPG
92D7B1A0CB8D10DC9BA0B9892AFC59DE,F:\Pujo18\Saptami Morning\DSC03496.JPG
3FBB40B254BC60998AFB454A33C84A68,F:\Pujo18\Saptami Morning\DSC03497.JPG
DCF2EEBF609D62AD5D8E43AE5F43EA64,F:\Pujo18\Saptami Morning\DSC03498.JPG
227E39B344BE32202A43341D78A03C80,F:\Pujo18\Saptami Morning\DSC03499.JPG
1A42489E435B652F815538623D0CF6BE,F:\Pujo18\Saptami Morning\DSC03500.JPG
2E89EC7C4773A5F82CC98CB4F534AEE7,F:\Pujo18\Saptami Morning\DSC03501.JPG
06AA54CC6303AD017A11EDF7EAB01777,F:\Pujo18\Saptami Morning\DSC03502.JPG
906D933E31293B0C316061E72600EF1B,F:\Pujo18\Saptami Morning\DSC03503.JPG
6477ABE36D6BBE2EFF7D75BB6753B630,F:\Pujo18\Saptami Morning\DSC03504.JPG
9DC3D20FB2726D7E689D06F8A5AC3713,F:\Pujo18\Saptami Morning\DSC03505.JPG
48321B067A2EF7588CDA4B0F8430CA0B,F:\Pujo18\Saptami Morning\DSC03506.JPG
07DC2AB0B2740052887F168E97FA9538,F:\Pujo18\Saptami Morning\DSC03509.JPG
E9CCE978E5B24ED6BEB6E874877F461E,F:\Pujo18\Saptami Morning\DSC03510.JPG
9204BCAEA4CDD0EB2AFBA0B518E41497,F:\Pujo18\Saptami Morning\DSC03511.JPG
B713600FF36CCDA7317F8CDE5C846452,F:\Pujo18\Saptami Morning\DSC03512.JPG
0D1914DA236929EFBAFF67ECC6DBC59E,F:\Pujo18\Saptami Morning\DSC03513.JPG
A470EF44F61402E4C9E0BF01ACB14CFD,F:\Pujo18\Saptami Morning\DSC03514.JPG
6B6A98FE6AA343C2C072AA1679E11BC2,F:\Pujo18\Saptami Morning\DSC03515.JPG
9A619E46A7F184A78FA345B123CEF93F,F:\Pujo18\Saptami Morning\DSC03517.JPG
0EE7F5ACCCB6813214DCC4965DB38B45,F:\Pujo18\Saptami Morning\DSC03518.JPG
8F7B90A1D6C72455EFD2FD8EB3A46016,F:\Pujo18\Saptami Morning\DSC03522.JPG
97A63CD8EC701B66EBC7A41E228EE1D1,F:\Pujo18\Saptami Morning\DSC03523.JPG
E9992EDDF63A552D2C6A21E5A7C8B9B4,F:\Pujo18\Saptami Morning\DSC03524.JPG
4CD23153B67D19E2F8FAF80194BA1E46,F:\Pujo18\Saptami Morning\DSC03525.JPG
9C11F14BB3B51EB53DFDA3C8BF276141,F:\Pujo18\Saptami Morning\DSC03526.JPG
DEA120D939F6D33F7B8C608EA2E00ED2,F:\Pujo18\Saptami Morning\DSC03527.JPG
A695EDCF58899DFDE84A9C125412CD34,F:\Pujo18\Saptami Morning\DSC03528.JPG
80A7371C37026E21340178021E1ADC82,F:\Pujo18\Saptami Morning\DSC03529.JPG
3F48575B82FFEBE053CC8E54B6A86C82,F:\Pujo18\Saptami Morning\DSC03530.JPG
472FDE718DCDF6DABDE91CD8B8E17542,F:\Pujo18\Saptami Morning\DSC03531.JPG
FF403F79F48EF4A20EB01F7AC5CF2523,F:\Pujo18\Saptami Morning\DSC03532.JPG
97D9DBFB953EAFD15091CE412D4BBA98,F:\Pujo18\Saptami Morning\DSC03534.JPG
24A0155AA720FCF9EDD255B7CCD185EA,F:\Pujo18\Saptami Morning\DSC03535.JPG
CE1197F0C0CBB592DFA362F32EACF955,F:\Pujo18\Saptami Morning\DSC03536.JPG
B8CE2944DE6A7E33695A6A473C50BA51,F:\Pujo18\Saptami Morning\DSC03537.JPG
2E2E55109E41816380D4D5635B661F97,F:\Pujo18\Saptami Morning\DSC03538.JPG
8D467E47DAE7AA4DFD01FC3898E8E35C,F:\Pujo18\Saptami Morning\DSC03540.JPG
0759A235582495C41A55B24BBC8BE3D0,F:\Pujo18\Saptami Morning\DSC03541.JPG
38C5584ED85318DDCFCDB51B838003C2,F:\Pujo18\Saptami Morning\DSC03542.JPG
CCCE765420620C4DFD5DAEC2BEB23B12,F:\Pujo18\Saptami Morning\DSC03549.ARW
8C9CBBEC7966E55B158746EEE4B6B251,F:\Pujo18\Saptami Morning\DSC03550.ARW
5B7EAFAEAED1066ED9F912F8ED2CB512,F:\Pujo18\Saptami Morning\DSC03551.ARW
BCDA63C0CD81EF18F20C65BFAF571B04,F:\Pujo18\Saptami Morning\DSC03552.ARW
0679F87A2F13060192DB4528D1F08BFC,F:\Pujo18\Saptami Morning\DSC03553.ARW
B360AEF4B06C53D3D6B7E618222B6E1E,F:\Pujo18\Saptami Morning\DSC03555.ARW
C123B7D2EE61E091B0DE3C3656B35531,F:\Pujo18\Saptami Morning\DSC03556.ARW
4C7433DA94CFA9AA052AC85C75AA20D9,F:\Pujo18\Saptami Morning\DSC03557.ARW
842E1635C9AF6E46222B2927A27F5E97,F:\Pujo18\Saptami Morning\DSC03558.ARW
C37960229BD39392B5AD63C4DEECDB1B,F:\Pujo18\Saptami Morning\DSC03559.ARW
8F0EA38DADE7C43461ABD82FB07A8AF1,F:\Pujo18\Saptami Morning\DSC03563.ARW
6B20F601311102E53E07EAAEE7DA179D,F:\Pujo18\Saptami Morning\DSC03564.ARW
16523A1EE40A6156E7E481CD76E1D23A,F:\Pujo18\Saptami Morning\DSC03565.ARW
B2DD456CDB14A4CC2199FD350F60F2A9,F:\Pujo18\Saptami Morning\DSC03566.ARW
9E2FEAB40295BA9CACFE3649ABAAAE5F,F:\Pujo18\Saptami Morning\DSC03567.ARW
8BAFF647DA0DD8A5EA33656AC9274F04,F:\Pujo18\Saptami Morning\DSC03569.ARW
12414540A2F15292A14FABBCA4649100,F:\Pujo18\Saptami Morning\DSC03570.ARW
C2C78359AE9EACC19988F7AEB9A74437,F:\Pujo18\Saptami Morning\DSC03571.ARW
D7F9F64E80B94814BF3B9995A5E2A0E8,F:\Pujo18\Saptami Morning\DSC03573.ARW
8CB6E2E7F6AC4B300B26CCF16B2D2735,F:\Pujo18\Saptami Morning\DSC03574.ARW
379F353A1A9CF89B79B320DBE67E6C09,F:\Pujo18\Saptami Morning\DSC03575.ARW
6AEE6B2EEE4B19C1CA081BA9B80ABCC0,F:\Pujo18\Sashthi Night\DSC03290.JPG
2C602848B094A21545702796FF9B3BCB,F:\Pujo18\Sashthi Night\DSC03292.JPG
98BA89A5E641879B9D27C745A8D9DB6B,F:\Pujo18\Sashthi Night\DSC03295.JPG
F35555D2FB653BE9BC5883632B5CD767,F:\Pujo18\Sashthi Night\DSC03296.JPG
2AE7EE78B6E1BA05FCEB24A1E151F66F,F:\Pujo18\Sashthi Night\DSC03297.JPG
1F20E7385415FA284EE0AAB875BA3C31,F:\Pujo18\Sashthi Night\DSC03298.JPG
D3F754A3B3DA7DF8264D74CFB91E5612,F:\Pujo18\Sashthi Night\DSC03299.JPG
7ED684799E911AB47FB4E27B51062297,F:\Pujo18\Sashthi Night\DSC03300.JPG
347B1DF9B46ED033CFA2B3B3B7C584EA,F:\Pujo18\Sashthi Night\DSC03301.JPG
4DBC4F59C767CA608130277D9B773729,F:\Pujo18\Sashthi Night\DSC03309.JPG
7E86DCD6C644535DB8B31AB7EF07E0EF,F:\Pujo18\Sashthi Night\DSC03310.JPG
74998476247E9DA9286EBE56CE0841CF,F:\Pujo18\Sashthi Night\DSC03314.JPG
E436A4A149FED39C3DC015DB50A4A089,F:\Pujo18\Sashthi Night\DSC03316.JPG
51B5E6737E65927B8DBD76684753EE49,F:\Pujo18\Sashthi Night\DSC03319.JPG
0D96A54BB8FFDA05D273B7DE93CFE8FF,F:\Pujo18\Sashthi Night\DSC03322.JPG
768701846FAE2FF2C7F0C3892851D03F,F:\Pujo18\Sashthi Night\DSC03323.JPG
ADB09C4CF25D9036AFEE9B815EB10395,F:\Pujo18\Sashthi Night\DSC03324.JPG
EB35574083DA4DF99A139549CED9E3B9,F:\Pujo18\Sashthi Night\DSC03325.JPG
3A45FBEB0008B1694869317FCD594902,F:\Pujo18\Sashthi Night\DSC03326.JPG
91EFABBBD7B285F6118113438037F67A,F:\Pujo18\Sashthi Night\DSC03327.JPG
404BAD42CB16ABBACD443468F92F4D9F,F:\Pujo18\Sashthi Night\DSC03328.JPG
3EA7F8091D7C11F34722CDDB09B8F53A,F:\Pujo18\Sashthi Night\DSC03330.JPG
34AB10D8CBA9E171DB0CC2339909796B,F:\Pujo18\Sashthi Night\DSC03331.JPG
B34529A0E5BC80D83DF696053459CA62,F:\Pujo18\Sashthi Night\DSC03333.JPG
7DF399F1C1924B78A17A33F3C616C942,F:\Pujo18\Sashthi Night\DSC03335.JPG
B184C8F1CBB2F0FBBFFA39AE48D8FED0,F:\Pujo18\Sashthi Night\DSC03336.JPG
B2B570655331B7379A47EF6D04E8DD59,F:\Pujo18\Sashthi Night\DSC03337.JPG
E488036ABD151808F77AA428FF6C2A6D,F:\Pujo18\Sashthi Night\DSC03339.JPG
7A3EFA4C2F15F35D7CE25CD8A48A0FAD,F:\Pujo18\Sashthi Night\DSC03340.JPG
38F613750B3174C75031B69607F292C9,F:\Pujo18\Sashthi Night\DSC03341.JPG
8FA8505050407DD9F3B305CB02D22ECF,F:\Pujo18\Sashthi Night\DSC03342.JPG
2B9950E4A783D30E402C2C9A01802C9F,F:\Pujo18\Sashthi Night\DSC03343.ARW
4A14C131A7B7063F337765CAA9BF6CC8,F:\Pujo18\Sashthi Night\DSC03344.ARW
1CBA2503312EB1E28D9178EC07EF18F6,F:\Pujo18\Sashthi Night\DSC03345.ARW
BDD62FE1FC29DDF1A4E12444AAA6F85F,F:\Pujo18\Sashthi Night\DSC03346.ARW
A22C6D46EA10ED26B7619D2E0F14B195,F:\Pujo18\Sashthi Night\DSC03347.ARW
C58EA6D2D9FCEA5ED878A84E497672E1,F:\Pujo18\Sashthi Night\DSC03348.ARW
0F61C7ABEDEAC087DC6CB823217CEA41,F:\Pujo18\Sashthi Night\DSC03349.ARW
CDF5F68BC0CE286815B3D3E16923AA1B,F:\Pujo18\Sashthi Night\DSC03350.ARW
299C97C6E1364896C5B2B89DDFEEBA28,F:\Pujo18\Sashthi Night\DSC03351.ARW
65E21BDCF3B6538022F5B680B47B36B0,F:\Pujo18\Sashthi Night\DSC03352.ARW
479C4A2025A4A58E4A6B6EA393A903CE,F:\Pujo18\Sashthi Night\DSC03353.ARW
AD83C6967551F7E888BBD8F5536205F3,F:\Pujo18\Sashthi Night\DSC03354.ARW
EBB023BEFC023899578E88BCDD531DBB,F:\Pujo18\Sashthi Night\DSC03355.ARW
86DA7F11DFA488845C6AA3E281C5BCC9,F:\Pujo18\Sashthi Night\DSC03356.ARW
97E9D0D71678C05718434C30B13CF17D,F:\Pujo18\Sashthi Night\DSC03357.ARW
F68477AC5EB2B248C5207B636EAE92D1,F:\Pujo18\Sashthi Night\DSC03358.ARW
746912A45EDAD68D5195F83322F5B51C,F:\Pujo18\Sashthi Night\DSC03359.ARW
75D04DC8DD9A97DF766D216C75965237,F:\Pujo18\Sashthi Night\DSC03360.ARW
BA1EBB6B127590C333669522E2A48200,F:\Pujo18\Sashthi Night\DSC03361.ARW
D3556DDC6771A13ECBE5071441888364,F:\Pujo18\Sashthi Night\DSC03362.ARW
3E2727BB66170B1A7E27BCCBCC88BF84,F:\Pujo18\Sashthi Night\DSC03363.ARW
10AB32E23AD8FDA339D508BFAD709386,F:\Pujo18\Sashthi Night\DSC03365.ARW
0E9D3EBDD198D17175207F74B09FE041,F:\Pujo18\Sashthi Night\DSC03368.ARW
AC1382760E7B83BA83F48BF4A6AB8508,F:\Pujo18\Sashthi Night\DSC03369.ARW
CF839A15C9D953F739ED664456C8C97E,F:\Pujo18\Sashthi Night\DSC03370.JPG
38C1FB6E110C9167898F315E6A78046C,F:\Pujo18\Sashthi Night\DSC03371.JPG
EF3635A8600FCD7AB38585412D0D24F6,F:\Pujo18\Sashthi Night\DSC03372.JPG
0296ADA26CF5121B1772B090D4069333,F:\Pujo18\Sashthi Night\DSC03373.JPG
430F00228D188D1BC0DFD888BD57B8CB,F:\Pujo18\Sashthi Night\DSC03376.JPG
9C8F35D47C51ACEC70B3236E88D229BA,F:\Pujo18\Sashthi Night\DSC03377.JPG
5A44240E9908A24F7DA16E7B2ED52178,F:\Pujo18\Sashthi Night\DSC03378.JPG
5B993AA2168C5BA2756461DC50F8DE22,F:\Pujo18\Sashthi Night\DSC03379.JPG
33F633EE0CA7468F03193264301D3ED3,F:\Pujo18\Sashthi Night\DSC03380.JPG
B3F860171071CC9A191F6165FEC7D1CA,F:\Pujo18\Sashthi Night\DSC03381.JPG
11A71BE114DE8ADA32230E62591BBFDF,F:\Pujo18\Sashthi Night\DSC03382.JPG
4C68374F09533FEEAF8991E606B4B23A,F:\Pujo18\Sashthi Night\DSC03384.JPG
362F16FA92D9E68D795AF50DCBB3188F,F:\Pujo18\Sashthi Night\DSC03387.JPG
F875C528F28740E7788B9F925F6DC862,F:\Pujo18\Sashthi Night\DSC03388.JPG
2B348B2D677BC6E797AB9FF073DB3AE6,F:\Pujo18\Sashthi Night\DSC03389.JPG
C9B34BA46D35133A4584C79B4C74A30F,F:\Pujo18\Sashthi Night\DSC03392.JPG
E9912024DDF47C4DFC56B121FB694B47,F:\Pujo18\Sashthi Night\DSC03393.JPG
C84A297B60DF9F4DBCDB36FEF739FD64,F:\Pujo18\Sashthi Night\DSC03394.JPG
E909238D973AFEB3BA5CEF49B51EB635,F:\Pujo18\Sashthi Night\DSC03397.JPG
BD9BD9DD12EBE652944C5E00080AD16D,F:\Pujo18\Sashthi Night\DSC03398.JPG
AA95EC0CD4B764CA2BFD3DE9DF9A3753,F:\Pujo18\Sashthi Night\DSC03399.JPG
760290CE79F01A73458B0CFA36A43F66,F:\Pujo18\Sashthi Night\DSC03400.JPG
96DF679DD2E1BD69BFAAB3DC79BDC01F,F:\Pujo18\Sashthi Night\DSC03401.JPG
E7381D29837CC04F1A6C4CBAD203FB7C,F:\Pujo18\Sashthi Night\DSC03403.JPG
574D407F41AB681377A5145D5F9395CF,F:\Pujo18\Sashthi Night\DSC03404.JPG
1F3C23BD798384E13F047AD80209F164,F:\Pujo18\Sashthi Night\DSC03405.JPG
